[{"model": "bibblio.user", "pk": 4, "fields": {"password": "pbkdf2_sha256$600000$bqEs2rujbJwGXAnexRwjBP$E8z61eCldMzewjKt7Mk5rXI3/KRDsViL73GduwFbIFI=", "last_login": "2023-12-05T18:40:32.794Z", "is_superuser": true, "username": "david", "first_name": "", "last_name": "", "email": "dalbanhi@gmail.com", "is_staff": true, "is_active": true, "date_joined": "2023-07-28T19:33:49.650Z", "groups": [], "user_permissions": [], "books_read": [2, 3, 4, 16, 28, 40], "books_reading": [1, 6, 14, 17, 22, 35, 38, 41], "books_to_read": [5, 9, 10, 13, 15, 26]}}, {"model": "bibblio.user", "pk": 5, "fields": {"password": "pbkdf2_sha256$600000$5CVERDPdgeVrxhZIVSBQTI$wMFj8QMDwH4GLpehqKQdtvVN9v7NxyGLfawQPTBp7tI=", "last_login": "2023-11-04T01:15:45.399Z", "is_superuser": false, "username": "dalbanhi", "first_name": "", "last_name": "", "email": "dalbanhi@gmail.com", "is_staff": false, "is_active": true, "date_joined": "2023-07-28T19:50:39.927Z", "groups": [], "user_permissions": [], "books_read": [], "books_reading": [], "books_to_read": []}}, {"model": "bibblio.user", "pk": 6, "fields": {"password": "pbkdf2_sha256$600000$36sLGSo5KJMjXnzXtd4Sr7$s0YFmIRpQlMDFlBsKkUDd8Q8g2utWtDl9B6Ew1iFr54=", "last_login": "2023-07-28T22:47:28.453Z", "is_superuser": false, "username": "harry.potter", "first_name": "", "last_name": "", "email": "hp@hogwarts.edu", "is_staff": false, "is_active": true, "date_joined": "2023-07-28T22:47:28.300Z", "groups": [], "user_permissions": [], "books_read": [], "books_reading": [], "books_to_read": []}}, {"model": "bibblio.user", "pk": 7, "fields": {"password": "pbkdf2_sha256$600000$Bh3WeJXTOY5TtKSoN7qVb2$PTtJhbAES6GQxoWCVt1WKavB4BhYyyJezBk+C2EHyNQ=", "last_login": "2023-07-29T00:38:09.672Z", "is_superuser": false, "username": "ron.weasley", "first_name": "", "last_name": "", "email": "ron.weasley@hogwarts.edu", "is_staff": false, "is_active": true, "date_joined": "2023-07-29T00:38:09.528Z", "groups": [], "user_permissions": [], "books_read": [], "books_reading": [], "books_to_read": []}}, {"model": "bibblio.user", "pk": 8, "fields": {"password": "pbkdf2_sha256$600000$ZNI85VG9R8oWe2m15rERlZ$5Zo2E4Ca6rHuonHra088CqJKXTz3ahIc60o2WsU13T0=", "last_login": "2023-07-29T01:52:42.332Z", "is_superuser": false, "username": "hermione.granger", "first_name": "", "last_name": "", "email": "hermione.granger@hogwarts.edu", "is_staff": false, "is_active": true, "date_joined": "2023-07-29T01:52:42.166Z", "groups": [], "user_permissions": [], "books_read": [], "books_reading": [], "books_to_read": []}}, {"model": "bibblio.user", "pk": 9, "fields": {"password": "pbkdf2_sha256$600000$0sTNmWKs8ad42qmdDkbQZk$7f0hJX2/pX7x4xnovgaKr+uCf0Vi4Nqp0H6ygdK10ak=", "last_login": "2023-08-04T02:32:10.796Z", "is_superuser": false, "username": "priscilla.acuna", "first_name": "", "last_name": "", "email": "priscilla@hogwarts.edu", "is_staff": false, "is_active": true, "date_joined": "2023-08-04T02:32:10.653Z", "groups": [], "user_permissions": [], "books_read": [], "books_reading": [], "books_to_read": []}}, {"model": "bibblio.user", "pk": 14, "fields": {"password": "pbkdf2_sha256$600000$VREOOLc9TzFwXN6R2DO2bS$ZmUO+ivp0nUVVhvzeE7Q3u7e4u0+TNG5EiSvNST4TJw=", "last_login": "2023-08-05T00:56:30.908Z", "is_superuser": false, "username": "test_user", "first_name": "", "last_name": "", "email": "test@tes.com", "is_staff": false, "is_active": true, "date_joined": "2023-08-05T00:56:30.781Z", "groups": [], "user_permissions": [], "books_read": [], "books_reading": [39], "books_to_read": []}}, {"model": "bibblio.user", "pk": 15, "fields": {"password": "pbkdf2_sha256$600000$l5nDwaUHLoYxwbswUbkaiI$yKbFf5NRjMOtbIkJ/NZz0MFXFs0CS4adKNU9DL6JRS8=", "last_login": "2023-09-29T00:00:56.152Z", "is_superuser": false, "username": "priscilli", "first_name": "", "last_name": "", "email": "dalbanhi@gmail.com", "is_staff": false, "is_active": true, "date_joined": "2023-09-29T00:00:56.018Z", "groups": [], "user_permissions": [], "books_read": [], "books_reading": [], "books_to_read": []}}, {"model": "bibblio.user", "pk": 16, "fields": {"password": "pbkdf2_sha256$600000$fWdNxnoqUifFtHHlqWavVX$4TIJM73zmF2A2TdUMMamliwJR5KoC1/P9UuPm4d+zNw=", "last_login": "2023-12-05T03:26:10.328Z", "is_superuser": false, "username": "priscillita_con_un_baloon", "first_name": "", "last_name": "", "email": "est@test.com", "is_staff": false, "is_active": true, "date_joined": "2023-12-05T03:26:10.194Z", "groups": [], "user_permissions": [], "books_read": [], "books_reading": [], "books_to_read": []}}, {"model": "bibblio.book", "pk": 1, "fields": {"title": "Forever", "authors": "Pete Hammill", "publication_year": 2011, "cover_image_url": "https://m.media-amazon.com/images/I/51371fBdoOL._SY346_.jpg"}}, {"model": "bibblio.book", "pk": 2, "fields": {"title": "Forever", "authors": "Judy Blume", "publication_year": 2014, "cover_image_url": "https://m.media-amazon.com/images/P/1481414437.01._SCLZZZZZZZ_SX500_.jpg"}}, {"model": "bibblio.book", "pk": 3, "fields": {"title": "Pride and Prejudice", "authors": "Jane Austen", "publication_year": 1815, "cover_image_url": "https://covers.openlibrary.org/b/id/13057878-L.jpg"}}, {"model": "bibblio.book", "pk": 4, "fields": {"title": "Persuasion", "authors": "Jane Austen", "publication_year": 1817, "cover_image_url": "https://ia800606.us.archive.org/view_archive.php?archive=/9/items/olcovers11/olcovers11-L.zip&file=117830-L.jpg"}}, {"model": "bibblio.book", "pk": 5, "fields": {"title": "Emma", "authors": "Jane Austen", "publication_year": 1818, "cover_image_url": "https://covers.openlibrary.org/b/id/13801776-L.jpg"}}, {"model": "bibblio.book", "pk": 6, "fields": {"title": "Eloquent Javascript: A Modern Introduction to Programming", "authors": "Marijn Haverbeke", "publication_year": 2018, "cover_image_url": "https://ia601401.us.archive.org/view_archive.php?archive=/32/items/l_covers_0008/l_covers_0008_50.tar&file=0008508178-L.jpg"}}, {"model": "bibblio.book", "pk": 9, "fields": {"title": "Automate the Boring Stuff", "authors": "Al Sweigart", "publication_year": 2019, "cover_image_url": "https://covers.openlibrary.org/b/id/7363640-L.jpg"}}, {"model": "bibblio.book", "pk": 10, "fields": {"title": "Mansfield Park", "authors": "Jane Austen", "publication_year": 1816, "cover_image_url": "https://covers.openlibrary.org/b/id/12530406-L.jpg"}}, {"model": "bibblio.book", "pk": 13, "fields": {"title": "Python Crash Course, 2nd Edition", "authors": "Eric Matthes", "publication_year": 2019, "cover_image_url": "https://ia601401.us.archive.org/view_archive.php?archive=/32/items/l_covers_0008/l_covers_0008_80.tar&file=0008800209-L.jpg"}}, {"model": "bibblio.book", "pk": 14, "fields": {"title": "Chronicles of the Avatar, Book 1", "authors": "F. C. Yee", "publication_year": 2020, "cover_image_url": "https://covers.openlibrary.org/b/id/9104301-L.jpg"}}, {"model": "bibblio.book", "pk": 15, "fields": {"title": "Chronicles of the Avatar, Book 2", "authors": "F. C. Yee", "publication_year": 2020, "cover_image_url": "https://covers.openlibrary.org/b/id/10483528-L.jpg"}}, {"model": "bibblio.book", "pk": 16, "fields": {"title": "Chronicles of the Avatar, Book 3", "authors": "F.C. Yee", "publication_year": 2021, "cover_image_url": "https://covers.openlibrary.org/b/id/13199790-L.jpg"}}, {"model": "bibblio.book", "pk": 17, "fields": {"title": "Fullstack React Native", "authors": "Houssein Djirdeh,Anthony Accomazzo,Sophia Shoemaker", "publication_year": 2019, "cover_image_url": "https://covers.openlibrary.org/b/id/13347485-L.jpg"}}, {"model": "bibblio.book", "pk": 22, "fields": {"title": "The Viscount Who Loved Me", "authors": "Julia Quinn", "publication_year": 2000, "cover_image_url": "https://covers.openlibrary.org/b/id/12634005-L.jpg"}}, {"model": "bibblio.book", "pk": 26, "fields": {"title": "The Duke and I", "authors": "Julia Quinn", "publication_year": 2001, "cover_image_url": "https://covers.openlibrary.org/b/id/13097852-L.jpg"}}, {"model": "bibblio.book", "pk": 28, "fields": {"title": "My Mechanical Romance", "authors": "Alexene Farol Follmouth", "publication_year": 2022, "cover_image_url": "https://covers.openlibrary.org/b/id/12791710-L.jpg"}}, {"model": "bibblio.book", "pk": 35, "fields": {"title": "Letters to a Young Poet", "authors": "Rainer Maria Rilke", "publication_year": 2020, "cover_image_url": "https://covers.openlibrary.org/b/id/13544619-L.jpg"}}, {"model": "bibblio.book", "pk": 38, "fields": {"title": "Dune", "authors": "Frank Herbert", "publication_year": 1965, "cover_image_url": "https://ia601505.us.archive.org/view_archive.php?archive=/8/items/olcovers697/olcovers697-L.zip&file=6978883-L.jpg"}}, {"model": "bibblio.book", "pk": 39, "fields": {"title": "Fantastic Mr. Fox", "authors": "Roald Dahl", "publication_year": 1988, "cover_image_url": "https://ia801401.us.archive.org/view_archive.php?archive=/32/items/l_covers_0008/l_covers_0008_73.tar&file=0008739161-L.jpg "}}, {"model": "bibblio.book", "pk": 40, "fields": {"title": "A Song for Nagasaki", "authors": "Paul Glynn", "publication_year": 1990, "cover_image_url": "https://ia804703.us.archive.org/view_archive.php?archive=/9/items/l_covers_0012/l_covers_0012_68.zip&file=0012685411-L.jpg"}}, {"model": "bibblio.book", "pk": 41, "fields": {"title": "Interior Castle", "authors": "Teresa of Avila", "publication_year": 1972, "cover_image_url": "https://www.mobileread.com/forums/attachment.php?attachmentid=111282&d=1378756884"}}, {"model": "bibblio.shelf", "pk": 2, "fields": {"owner": 4, "name": "Summer", "books": [1, 2, 3, 4, 6, 10, 17, 35]}}, {"model": "bibblio.shelf", "pk": 3, "fields": {"owner": 4, "name": "Python", "books": [9, 13]}}, {"model": "bibblio.shelf", "pk": 4, "fields": {"owner": 4, "name": "Regency", "books": [3, 4, 5, 10, 22]}}, {"model": "bibblio.shelf", "pk": 7, "fields": {"owner": 4, "name": "Books Named Forever", "books": [1, 2]}}, {"model": "bibblio.shelf", "pk": 8, "fields": {"owner": 4, "name": "Programming", "books": [6, 9, 13, 17]}}, {"model": "bibblio.shelf", "pk": 10, "fields": {"owner": 4, "name": "Avatar Books", "books": [14, 15, 16]}}, {"model": "bibblio.shelf", "pk": 11, "fields": {"owner": 4, "name": "Romance", "books": [1, 3, 4, 5, 10, 14, 15, 22, 26]}}, {"model": "bibblio.shelf", "pk": 12, "fields": {"owner": 4, "name": "JavaScript (JS)", "books": [6, 17]}}, {"model": "bibblio.shelf", "pk": 14, "fields": {"owner": 4, "name": "Enemies to Lovers", "books": [3, 14, 22, 26]}}, {"model": "bibblio.shelf", "pk": 16, "fields": {"owner": 4, "name": "Bridgerton Books", "books": [22, 26]}}, {"model": "bibblio.shelf", "pk": 17, "fields": {"owner": 4, "name": "Action/Adventure", "books": [14, 15, 16, 38]}}, {"model": "bibblio.shelf", "pk": 24, "fields": {"owner": 9, "name": "Authors who were swole", "books": []}}, {"model": "bibblio.shelf", "pk": 26, "fields": {"owner": 4, "name": "Random", "books": [3, 22, 26, 28, 35, 38]}}, {"model": "bibblio.shelf", "pk": 29, "fields": {"owner": 14, "name": "Children's Books", "books": [39]}}, {"model": "bibblio.shelf", "pk": 30, "fields": {"owner": 4, "name": "Lives of the Saints", "books": [40, 41]}}, {"model": "admin.logentry", "pk": 1, "fields": {"action_time": "2023-07-28T19:35:55.911Z", "user": 4, "content_type": 1, "object_id": "3", "object_repr": "dalbanhio", "action_flag": 3, "change_message": ""}}, {"model": "admin.logentry", "pk": 2, "fields": {"action_time": "2023-07-28T19:36:00.419Z", "user": 4, "content_type": 1, "object_id": "2", "object_repr": "sdfsdf", "action_flag": 3, "change_message": ""}}, {"model": "admin.logentry", "pk": 3, "fields": {"action_time": "2023-07-28T19:36:05.820Z", "user": 4, "content_type": 1, "object_id": "1", "object_repr": "dalbanhi", "action_flag": 3, "change_message": ""}}, {"model": "admin.logentry", "pk": 4, "fields": {"action_time": "2023-07-31T17:32:00.021Z", "user": 4, "content_type": 3, "object_id": "1", "object_repr": "Summer Reads by david containing 3 books.", "action_flag": 3, "change_message": ""}}, {"model": "admin.logentry", "pk": 5, "fields": {"action_time": "2023-07-31T18:41:17.833Z", "user": 4, "content_type": 2, "object_id": "7", "object_repr": "Automate the Boring Stuff by Al Sweigart", "action_flag": 3, "change_message": ""}}, {"model": "admin.logentry", "pk": 6, "fields": {"action_time": "2023-07-31T18:44:28.291Z", "user": 4, "content_type": 2, "object_id": "8", "object_repr": "Automate the Boring Stuff by Al Sweigart", "action_flag": 3, "change_message": ""}}, {"model": "admin.logentry", "pk": 7, "fields": {"action_time": "2023-07-31T21:40:33.335Z", "user": 4, "content_type": 3, "object_id": "5", "object_repr": "Books Named Forever by david containing 0 books.", "action_flag": 3, "change_message": ""}}, {"model": "admin.logentry", "pk": 8, "fields": {"action_time": "2023-07-31T21:42:07.014Z", "user": 4, "content_type": 3, "object_id": "6", "object_repr": "Books Named Forever by david containing 0 books.", "action_flag": 3, "change_message": ""}}, {"model": "admin.logentry", "pk": 9, "fields": {"action_time": "2023-07-31T21:53:51.572Z", "user": 4, "content_type": 2, "object_id": "11", "object_repr": "Python Crash Course, 2nd Edition by Eric Matthes", "action_flag": 3, "change_message": ""}}, {"model": "admin.logentry", "pk": 10, "fields": {"action_time": "2023-07-31T21:54:28.253Z", "user": 4, "content_type": 2, "object_id": "12", "object_repr": "Python Crash Course, 2nd Edition by Eric Matthes", "action_flag": 3, "change_message": ""}}, {"model": "admin.logentry", "pk": 11, "fields": {"action_time": "2023-08-01T18:22:00.633Z", "user": 4, "content_type": 3, "object_id": "9", "object_repr": "Avatar Books by david containing 0 books.", "action_flag": 3, "change_message": ""}}, {"model": "admin.logentry", "pk": 12, "fields": {"action_time": "2023-08-03T00:37:27.747Z", "user": 4, "content_type": 2, "object_id": "18", "object_repr": "My Mechanical Romance by Alexene Farol Follmuth", "action_flag": 3, "change_message": ""}}, {"model": "admin.logentry", "pk": 13, "fields": {"action_time": "2023-08-03T01:27:22.892Z", "user": 4, "content_type": 3, "object_id": "13", "object_repr": "Enemies to Lovers trope by david containing 1 books.", "action_flag": 3, "change_message": ""}}, {"model": "admin.logentry", "pk": 14, "fields": {"action_time": "2023-08-03T17:50:10.558Z", "user": 4, "content_type": 2, "object_id": "20", "object_repr": "The Viscount Who Loved Me by Julia Quinn", "action_flag": 3, "change_message": ""}}, {"model": "admin.logentry", "pk": 15, "fields": {"action_time": "2023-08-03T17:58:38.606Z", "user": 4, "content_type": 2, "object_id": "21", "object_repr": "The Viscount Who Loved Me by Julia Quinn", "action_flag": 3, "change_message": ""}}, {"model": "admin.logentry", "pk": 16, "fields": {"action_time": "2023-08-03T18:34:06.647Z", "user": 4, "content_type": 2, "object_id": "23", "object_repr": "The Duke and I by Julia Quinn", "action_flag": 3, "change_message": ""}}, {"model": "admin.logentry", "pk": 17, "fields": {"action_time": "2023-08-03T19:12:18.483Z", "user": 4, "content_type": 2, "object_id": "24", "object_repr": "The Duke and I by Julia Quinn", "action_flag": 3, "change_message": ""}}, {"model": "admin.logentry", "pk": 18, "fields": {"action_time": "2023-08-03T19:29:56.369Z", "user": 4, "content_type": 3, "object_id": "15", "object_repr": "Bridgerton by david containing 2 books.", "action_flag": 3, "change_message": ""}}, {"model": "admin.logentry", "pk": 19, "fields": {"action_time": "2023-08-03T20:47:06.621Z", "user": 4, "content_type": 2, "object_id": "25", "object_repr": "The Duke and I by Julia Quinn", "action_flag": 3, "change_message": ""}}, {"model": "admin.logentry", "pk": 20, "fields": {"action_time": "2023-08-04T00:38:37.855Z", "user": 4, "content_type": 2, "object_id": "19", "object_repr": "My Mechanical Romance by Alexene Farol Follmuth", "action_flag": 3, "change_message": ""}}, {"model": "admin.logentry", "pk": 21, "fields": {"action_time": "2023-08-04T00:41:19.295Z", "user": 4, "content_type": 2, "object_id": "27", "object_repr": "My Mechanical Romance by Alexene Farol Follmouth", "action_flag": 3, "change_message": ""}}, {"model": "admin.logentry", "pk": 22, "fields": {"action_time": "2023-08-04T21:07:53.254Z", "user": 4, "content_type": 2, "object_id": "30", "object_repr": "Dune by Frank Herbert", "action_flag": 3, "change_message": ""}}, {"model": "admin.logentry", "pk": 23, "fields": {"action_time": "2023-08-04T21:14:36.346Z", "user": 4, "content_type": 2, "object_id": "31", "object_repr": "Dune by Frank Herbert", "action_flag": 3, "change_message": ""}}, {"model": "admin.logentry", "pk": 24, "fields": {"action_time": "2023-08-04T21:19:47.207Z", "user": 4, "content_type": 2, "object_id": "32", "object_repr": "Dune by Frank Herbert", "action_flag": 3, "change_message": ""}}, {"model": "admin.logentry", "pk": 25, "fields": {"action_time": "2023-08-04T21:26:22.587Z", "user": 4, "content_type": 2, "object_id": "34", "object_repr": "Letters to a Young Poet by Rainer Maria Rilke", "action_flag": 3, "change_message": ""}}, {"model": "admin.logentry", "pk": 26, "fields": {"action_time": "2023-08-05T00:19:23.755Z", "user": 4, "content_type": 2, "object_id": "33", "object_repr": "Dune by Frank Herbert", "action_flag": 3, "change_message": ""}}, {"model": "admin.logentry", "pk": 27, "fields": {"action_time": "2023-08-05T00:19:28.726Z", "user": 4, "content_type": 2, "object_id": "29", "object_repr": "Fantastic Mr. Fox by Roald Dahl", "action_flag": 3, "change_message": ""}}, {"model": "admin.logentry", "pk": 28, "fields": {"action_time": "2023-08-05T00:44:06.549Z", "user": 4, "content_type": 1, "object_id": "11", "object_repr": "test_user_2", "action_flag": 3, "change_message": ""}}, {"model": "admin.logentry", "pk": 29, "fields": {"action_time": "2023-08-05T00:44:06.551Z", "user": 4, "content_type": 1, "object_id": "10", "object_repr": "testuser", "action_flag": 3, "change_message": ""}}, {"model": "admin.logentry", "pk": 30, "fields": {"action_time": "2023-08-05T00:48:31.686Z", "user": 4, "content_type": 2, "object_id": "36", "object_repr": "Dune by Frank Herbert", "action_flag": 3, "change_message": ""}}, {"model": "admin.logentry", "pk": 31, "fields": {"action_time": "2023-08-05T00:55:13.091Z", "user": 4, "content_type": 1, "object_id": "13", "object_repr": "test_user2", "action_flag": 3, "change_message": ""}}, {"model": "admin.logentry", "pk": 32, "fields": {"action_time": "2023-08-05T00:55:13.092Z", "user": 4, "content_type": 1, "object_id": "12", "object_repr": "test_user", "action_flag": 3, "change_message": ""}}, {"model": "admin.logentry", "pk": 33, "fields": {"action_time": "2023-08-05T00:55:51.767Z", "user": 4, "content_type": 2, "object_id": "37", "object_repr": "Fantastic Mr. Fox by Roald Dahl", "action_flag": 3, "change_message": ""}}, {"model": "auth.permission", "pk": 1, "fields": {"name": "Can add user", "content_type": 1, "codename": "add_user"}}, {"model": "auth.permission", "pk": 2, "fields": {"name": "Can change user", "content_type": 1, "codename": "change_user"}}, {"model": "auth.permission", "pk": 3, "fields": {"name": "Can delete user", "content_type": 1, "codename": "delete_user"}}, {"model": "auth.permission", "pk": 4, "fields": {"name": "Can view user", "content_type": 1, "codename": "view_user"}}, {"model": "auth.permission", "pk": 5, "fields": {"name": "Can add book", "content_type": 2, "codename": "add_book"}}, {"model": "auth.permission", "pk": 6, "fields": {"name": "Can change book", "content_type": 2, "codename": "change_book"}}, {"model": "auth.permission", "pk": 7, "fields": {"name": "Can delete book", "content_type": 2, "codename": "delete_book"}}, {"model": "auth.permission", "pk": 8, "fields": {"name": "Can view book", "content_type": 2, "codename": "view_book"}}, {"model": "auth.permission", "pk": 9, "fields": {"name": "Can add shelf", "content_type": 3, "codename": "add_shelf"}}, {"model": "auth.permission", "pk": 10, "fields": {"name": "Can change shelf", "content_type": 3, "codename": "change_shelf"}}, {"model": "auth.permission", "pk": 11, "fields": {"name": "Can delete shelf", "content_type": 3, "codename": "delete_shelf"}}, {"model": "auth.permission", "pk": 12, "fields": {"name": "Can view shelf", "content_type": 3, "codename": "view_shelf"}}, {"model": "auth.permission", "pk": 13, "fields": {"name": "Can add log entry", "content_type": 4, "codename": "add_logentry"}}, {"model": "auth.permission", "pk": 14, "fields": {"name": "Can change log entry", "content_type": 4, "codename": "change_logentry"}}, {"model": "auth.permission", "pk": 15, "fields": {"name": "Can delete log entry", "content_type": 4, "codename": "delete_logentry"}}, {"model": "auth.permission", "pk": 16, "fields": {"name": "Can view log entry", "content_type": 4, "codename": "view_logentry"}}, {"model": "auth.permission", "pk": 17, "fields": {"name": "Can add permission", "content_type": 5, "codename": "add_permission"}}, {"model": "auth.permission", "pk": 18, "fields": {"name": "Can change permission", "content_type": 5, "codename": "change_permission"}}, {"model": "auth.permission", "pk": 19, "fields": {"name": "Can delete permission", "content_type": 5, "codename": "delete_permission"}}, {"model": "auth.permission", "pk": 20, "fields": {"name": "Can view permission", "content_type": 5, "codename": "view_permission"}}, {"model": "auth.permission", "pk": 21, "fields": {"name": "Can add group", "content_type": 6, "codename": "add_group"}}, {"model": "auth.permission", "pk": 22, "fields": {"name": "Can change group", "content_type": 6, "codename": "change_group"}}, {"model": "auth.permission", "pk": 23, "fields": {"name": "Can delete group", "content_type": 6, "codename": "delete_group"}}, {"model": "auth.permission", "pk": 24, "fields": {"name": "Can view group", "content_type": 6, "codename": "view_group"}}, {"model": "auth.permission", "pk": 25, "fields": {"name": "Can add content type", "content_type": 7, "codename": "add_contenttype"}}, {"model": "auth.permission", "pk": 26, "fields": {"name": "Can change content type", "content_type": 7, "codename": "change_contenttype"}}, {"model": "auth.permission", "pk": 27, "fields": {"name": "Can delete content type", "content_type": 7, "codename": "delete_contenttype"}}, {"model": "auth.permission", "pk": 28, "fields": {"name": "Can view content type", "content_type": 7, "codename": "view_contenttype"}}, {"model": "auth.permission", "pk": 29, "fields": {"name": "Can add session", "content_type": 8, "codename": "add_session"}}, {"model": "auth.permission", "pk": 30, "fields": {"name": "Can change session", "content_type": 8, "codename": "change_session"}}, {"model": "auth.permission", "pk": 31, "fields": {"name": "Can delete session", "content_type": 8, "codename": "delete_session"}}, {"model": "auth.permission", "pk": 32, "fields": {"name": "Can view session", "content_type": 8, "codename": "view_session"}}, {"model": "contenttypes.contenttype", "pk": 1, "fields": {"app_label": "bibblio", "model": "user"}}, {"model": "contenttypes.contenttype", "pk": 2, "fields": {"app_label": "bibblio", "model": "book"}}, {"model": "contenttypes.contenttype", "pk": 3, "fields": {"app_label": "bibblio", "model": "shelf"}}, {"model": "contenttypes.contenttype", "pk": 4, "fields": {"app_label": "admin", "model": "logentry"}}, {"model": "contenttypes.contenttype", "pk": 5, "fields": {"app_label": "auth", "model": "permission"}}, {"model": "contenttypes.contenttype", "pk": 6, "fields": {"app_label": "auth", "model": "group"}}, {"model": "contenttypes.contenttype", "pk": 7, "fields": {"app_label": "contenttypes", "model": "contenttype"}}, {"model": "contenttypes.contenttype", "pk": 8, "fields": {"app_label": "sessions", "model": "session"}}, {"model": "sessions.session", "pk": "9oqc9ryu7d894hzk672rz60gri8tyg1p", "fields": {"session_data": ".eJxVjEEOwiAQRe_C2hACgwwu3XsGwsAgVQNJaVfGu9smXej2v_f-W4S4LjWsg-cwZXERIE6_G8X05LaD_Ijt3mXqbZknkrsiDzrkrWd-XQ_376DGUbdaE3sstlgDiArRJKWKd6iYDYG1pJ0jzJ4hRdxciqApa9SIYPTZi88X1oA3aQ:1qQzBG:oGdNpsc3GZ0wn32rCmCD74rcHGlJ-km62qbBZ0jb0oU", "expire_date": "2023-08-15T23:53:34.271Z"}}]